<?xml version="1.0" encoding="UTF-8"?>
<Tokens version="1.0"><Token><TokenIdentifier><Name>luaL_Buffer</Name><Type>func</Type><APILanguage>cpp</APILanguage></TokenIdentifier><Path>www.lua.org/manual/5.1/manual.html</Path>
<Anchor>//apple_ref/func/luaL%5FBuffer</Anchor></Token>
<Token><TokenIdentifier><Name>LUA_MASKCALL</Name><Type>func</Type><APILanguage>cpp</APILanguage></TokenIdentifier><Path>www.lua.org/manual/5.1/manual.html</Path>
<Anchor>//apple_ref/func/LUA%5FMASKCALL</Anchor></Token>
<Token><TokenIdentifier><Name>rawset</Name><Type>func</Type><APILanguage>cpp</APILanguage></TokenIdentifier><Path>www.lua.org/manual/5.1/manual.html</Path>
<Anchor>//apple_ref/func/rawset</Anchor></Token>
<Token><TokenIdentifier><Name>math.tanh</Name><Type>func</Type><APILanguage>cpp</APILanguage></TokenIdentifier><Path>www.lua.org/manual/5.1/manual.html</Path>
<Anchor>//apple_ref/func/math%2Etanh</Anchor></Token>
<Token><TokenIdentifier><Name>luaL_loadstring</Name><Type>func</Type><APILanguage>cpp</APILanguage></TokenIdentifier><Path>www.lua.org/manual/5.1/manual.html</Path>
<Anchor>//apple_ref/func/luaL%5Floadstring</Anchor></Token>
<Token><TokenIdentifier><Name>lua_toboolean</Name><Type>func</Type><APILanguage>cpp</APILanguage></TokenIdentifier><Path>www.lua.org/manual/5.1/manual.html</Path>
<Anchor>//apple_ref/func/lua%5Ftoboolean</Anchor></Token>
<Token><TokenIdentifier><Name>io.stdout</Name><Type>func</Type><APILanguage>cpp</APILanguage></TokenIdentifier><Path>www.lua.org/manual/5.1/manual.html</Path>
<Anchor>//apple_ref/func/io%2Estdout</Anchor></Token>
<Token><TokenIdentifier><Name>lua_State</Name><Type>func</Type><APILanguage>cpp</APILanguage></TokenIdentifier><Path>www.lua.org/manual/5.1/manual.html</Path>
<Anchor>//apple_ref/func/lua%5FState</Anchor></Token>
<Token><TokenIdentifier><Name>luaL_optint</Name><Type>func</Type><APILanguage>cpp</APILanguage></TokenIdentifier><Path>www.lua.org/manual/5.1/manual.html</Path>
<Anchor>//apple_ref/func/luaL%5Foptint</Anchor></Token>
<Token><TokenIdentifier><Name>luaL_optinteger</Name><Type>func</Type><APILanguage>cpp</APILanguage></TokenIdentifier><Path>www.lua.org/manual/5.1/manual.html</Path>
<Anchor>//apple_ref/func/luaL%5Foptinteger</Anchor></Token>
<Token><TokenIdentifier><Name>lua_pushliteral</Name><Type>func</Type><APILanguage>cpp</APILanguage></TokenIdentifier><Path>www.lua.org/manual/5.1/manual.html</Path>
<Anchor>//apple_ref/func/lua%5Fpushliteral</Anchor></Token>
<Token><TokenIdentifier><Name>lua_register</Name><Type>func</Type><APILanguage>cpp</APILanguage></TokenIdentifier><Path>www.lua.org/manual/5.1/manual.html</Path>
<Anchor>//apple_ref/func/lua%5Fregister</Anchor></Token>
<Token><TokenIdentifier><Name>luaL_Reg</Name><Type>func</Type><APILanguage>cpp</APILanguage></TokenIdentifier><Path>www.lua.org/manual/5.1/manual.html</Path>
<Anchor>//apple_ref/func/luaL%5FReg</Anchor></Token>
<Token><TokenIdentifier><Name>os.time</Name><Type>func</Type><APILanguage>cpp</APILanguage></TokenIdentifier><Path>www.lua.org/manual/5.1/manual.html</Path>
<Anchor>//apple_ref/func/os%2Etime</Anchor></Token>
<Token><TokenIdentifier><Name>luaL_optnumber</Name><Type>func</Type><APILanguage>cpp</APILanguage></TokenIdentifier><Path>www.lua.org/manual/5.1/manual.html</Path>
<Anchor>//apple_ref/func/luaL%5Foptnumber</Anchor></Token>
<Token><TokenIdentifier><Name>os.exit</Name><Type>func</Type><APILanguage>cpp</APILanguage></TokenIdentifier><Path>www.lua.org/manual/5.1/manual.html</Path>
<Anchor>//apple_ref/func/os%2Eexit</Anchor></Token>
<Token><TokenIdentifier><Name>luaL_checkoption</Name><Type>func</Type><APILanguage>cpp</APILanguage></TokenIdentifier><Path>www.lua.org/manual/5.1/manual.html</Path>
<Anchor>//apple_ref/func/luaL%5Fcheckoption</Anchor></Token>
<Token><TokenIdentifier><Name>next</Name><Type>func</Type><APILanguage>cpp</APILanguage></TokenIdentifier><Path>www.lua.org/manual/5.1/manual.html</Path>
<Anchor>//apple_ref/func/next</Anchor></Token>
<Token><TokenIdentifier><Name>lua_newuserdata</Name><Type>func</Type><APILanguage>cpp</APILanguage></TokenIdentifier><Path>www.lua.org/manual/5.1/manual.html</Path>
<Anchor>//apple_ref/func/lua%5Fnewuserdata</Anchor></Token>
<Token><TokenIdentifier><Name>string.rep</Name><Type>func</Type><APILanguage>cpp</APILanguage></TokenIdentifier><Path>www.lua.org/manual/5.1/manual.html</Path>
<Anchor>//apple_ref/func/string%2Erep</Anchor></Token>
<Token><TokenIdentifier><Name>lua_pushstring</Name><Type>func</Type><APILanguage>cpp</APILanguage></TokenIdentifier><Path>www.lua.org/manual/5.1/manual.html</Path>
<Anchor>//apple_ref/func/lua%5Fpushstring</Anchor></Token>
<Token><TokenIdentifier><Name>lua_pushboolean</Name><Type>func</Type><APILanguage>cpp</APILanguage></TokenIdentifier><Path>www.lua.org/manual/5.1/manual.html</Path>
<Anchor>//apple_ref/func/lua%5Fpushboolean</Anchor></Token>
<Token><TokenIdentifier><Name>tostring</Name><Type>func</Type><APILanguage>cpp</APILanguage></TokenIdentifier><Path>www.lua.org/manual/5.1/manual.html</Path>
<Anchor>//apple_ref/func/tostring</Anchor></Token>
<Token><TokenIdentifier><Name>lua_isnone</Name><Type>func</Type><APILanguage>cpp</APILanguage></TokenIdentifier><Path>www.lua.org/manual/5.1/manual.html</Path>
<Anchor>//apple_ref/func/lua%5Fisnone</Anchor></Token>
<Token><TokenIdentifier><Name>math.modf</Name><Type>func</Type><APILanguage>cpp</APILanguage></TokenIdentifier><Path>www.lua.org/manual/5.1/manual.html</Path>
<Anchor>//apple_ref/func/math%2Emodf</Anchor></Token>
<Token><TokenIdentifier><Name>lua_getinfo</Name><Type>func</Type><APILanguage>cpp</APILanguage></TokenIdentifier><Path>www.lua.org/manual/5.1/manual.html</Path>
<Anchor>//apple_ref/func/lua%5Fgetinfo</Anchor></Token>
<Token><TokenIdentifier><Name>lua_pushinteger</Name><Type>func</Type><APILanguage>cpp</APILanguage></TokenIdentifier><Path>www.lua.org/manual/5.1/manual.html</Path>
<Anchor>//apple_ref/func/lua%5Fpushinteger</Anchor></Token>
<Token><TokenIdentifier><Name>file:close</Name><Type>func</Type><APILanguage>cpp</APILanguage></TokenIdentifier><Path>www.lua.org/manual/5.1/manual.html</Path>
<Anchor>//apple_ref/func/file%3Aclose</Anchor></Token>
<Token><TokenIdentifier><Name>LUA_MINSTACK</Name><Type>func</Type><APILanguage>cpp</APILanguage></TokenIdentifier><Path>www.lua.org/manual/5.1/manual.html</Path>
<Anchor>//apple_ref/func/LUA%5FMINSTACK</Anchor></Token>
<Token><TokenIdentifier><Name>lua_CFunction</Name><Type>func</Type><APILanguage>cpp</APILanguage></TokenIdentifier><Path>www.lua.org/manual/5.1/manual.html</Path>
<Anchor>//apple_ref/func/lua%5FCFunction</Anchor></Token>
<Token><TokenIdentifier><Name>math.atan</Name><Type>func</Type><APILanguage>cpp</APILanguage></TokenIdentifier><Path>www.lua.org/manual/5.1/manual.html</Path>
<Anchor>//apple_ref/func/math%2Eatan</Anchor></Token>
<Token><TokenIdentifier><Name>type</Name><Type>func</Type><APILanguage>cpp</APILanguage></TokenIdentifier><Path>www.lua.org/manual/5.1/manual.html</Path>
<Anchor>//apple_ref/func/type</Anchor></Token>
<Token><TokenIdentifier><Name>LUA_ERRERR</Name><Type>func</Type><APILanguage>cpp</APILanguage></TokenIdentifier><Path>www.lua.org/manual/5.1/manual.html</Path>
<Anchor>//apple_ref/func/LUA%5FERRERR</Anchor></Token>
<Token><TokenIdentifier><Name>lua_next</Name><Type>func</Type><APILanguage>cpp</APILanguage></TokenIdentifier><Path>www.lua.org/manual/5.1/manual.html</Path>
<Anchor>//apple_ref/func/lua%5Fnext</Anchor></Token>
<Token><TokenIdentifier><Name>require</Name><Type>func</Type><APILanguage>cpp</APILanguage></TokenIdentifier><Path>www.lua.org/manual/5.1/manual.html</Path>
<Anchor>//apple_ref/func/require</Anchor></Token>
<Token><TokenIdentifier><Name>string.match</Name><Type>func</Type><APILanguage>cpp</APILanguage></TokenIdentifier><Path>www.lua.org/manual/5.1/manual.html</Path>
<Anchor>//apple_ref/func/string%2Ematch</Anchor></Token>
<Token><TokenIdentifier><Name>luaL_checkudata</Name><Type>func</Type><APILanguage>cpp</APILanguage></TokenIdentifier><Path>www.lua.org/manual/5.1/manual.html</Path>
<Anchor>//apple_ref/func/luaL%5Fcheckudata</Anchor></Token>
<Token><TokenIdentifier><Name>lua_getfield</Name><Type>func</Type><APILanguage>cpp</APILanguage></TokenIdentifier><Path>www.lua.org/manual/5.1/manual.html</Path>
<Anchor>//apple_ref/func/lua%5Fgetfield</Anchor></Token>
<Token><TokenIdentifier><Name>table.concat</Name><Type>func</Type><APILanguage>cpp</APILanguage></TokenIdentifier><Path>www.lua.org/manual/5.1/manual.html</Path>
<Anchor>//apple_ref/func/table%2Econcat</Anchor></Token>
<Token><TokenIdentifier><Name>luaL_addsize</Name><Type>func</Type><APILanguage>cpp</APILanguage></TokenIdentifier><Path>www.lua.org/manual/5.1/manual.html</Path>
<Anchor>//apple_ref/func/luaL%5Faddsize</Anchor></Token>
<Token><TokenIdentifier><Name>os.setlocale</Name><Type>func</Type><APILanguage>cpp</APILanguage></TokenIdentifier><Path>www.lua.org/manual/5.1/manual.html</Path>
<Anchor>//apple_ref/func/os%2Esetlocale</Anchor></Token>
<Token><TokenIdentifier><Name>math.deg</Name><Type>func</Type><APILanguage>cpp</APILanguage></TokenIdentifier><Path>www.lua.org/manual/5.1/manual.html</Path>
<Anchor>//apple_ref/func/math%2Edeg</Anchor></Token>
<Token><TokenIdentifier><Name>pairs</Name><Type>func</Type><APILanguage>cpp</APILanguage></TokenIdentifier><Path>www.lua.org/manual/5.1/manual.html</Path>
<Anchor>//apple_ref/func/pairs</Anchor></Token>
<Token><TokenIdentifier><Name>lua_Reader</Name><Type>func</Type><APILanguage>cpp</APILanguage></TokenIdentifier><Path>www.lua.org/manual/5.1/manual.html</Path>
<Anchor>//apple_ref/func/lua%5FReader</Anchor></Token>
<Token><TokenIdentifier><Name>lua_setmetatable</Name><Type>func</Type><APILanguage>cpp</APILanguage></TokenIdentifier><Path>www.lua.org/manual/5.1/manual.html</Path>
<Anchor>//apple_ref/func/lua%5Fsetmetatable</Anchor></Token>
<Token><TokenIdentifier><Name>lua_setallocf</Name><Type>func</Type><APILanguage>cpp</APILanguage></TokenIdentifier><Path>www.lua.org/manual/5.1/manual.html</Path>
<Anchor>//apple_ref/func/lua%5Fsetallocf</Anchor></Token>
<Token><TokenIdentifier><Name>lua_tonumber</Name><Type>func</Type><APILanguage>cpp</APILanguage></TokenIdentifier><Path>www.lua.org/manual/5.1/manual.html</Path>
<Anchor>//apple_ref/func/lua%5Ftonumber</Anchor></Token>
<Token><TokenIdentifier><Name>file:seek</Name><Type>func</Type><APILanguage>cpp</APILanguage></TokenIdentifier><Path>www.lua.org/manual/5.1/manual.html</Path>
<Anchor>//apple_ref/func/file%3Aseek</Anchor></Token>
<Token><TokenIdentifier><Name>lua_isthread</Name><Type>func</Type><APILanguage>cpp</APILanguage></TokenIdentifier><Path>www.lua.org/manual/5.1/manual.html</Path>
<Anchor>//apple_ref/func/lua%5Fisthread</Anchor></Token>
<Token><TokenIdentifier><Name>debug.debug</Name><Type>func</Type><APILanguage>cpp</APILanguage></TokenIdentifier><Path>www.lua.org/manual/5.1/manual.html</Path>
<Anchor>//apple_ref/func/debug%2Edebug</Anchor></Token>
<Token><TokenIdentifier><Name>lua_error</Name><Type>func</Type><APILanguage>cpp</APILanguage></TokenIdentifier><Path>www.lua.org/manual/5.1/manual.html</Path>
<Anchor>//apple_ref/func/lua%5Ferror</Anchor></Token>
<Token><TokenIdentifier><Name>LUA_ERRSYNTAX</Name><Type>func</Type><APILanguage>cpp</APILanguage></TokenIdentifier><Path>www.lua.org/manual/5.1/manual.html</Path>
<Anchor>//apple_ref/func/LUA%5FERRSYNTAX</Anchor></Token>
<Token><TokenIdentifier><Name>lua_gethookmask</Name><Type>func</Type><APILanguage>cpp</APILanguage></TokenIdentifier><Path>www.lua.org/manual/5.1/manual.html</Path>
<Anchor>//apple_ref/func/lua%5Fgethookmask</Anchor></Token>
<Token><TokenIdentifier><Name>luaL_getmetafield</Name><Type>func</Type><APILanguage>cpp</APILanguage></TokenIdentifier><Path>www.lua.org/manual/5.1/manual.html</Path>
<Anchor>//apple_ref/func/luaL%5Fgetmetafield</Anchor></Token>
<Token><TokenIdentifier><Name>package.loadlib</Name><Type>func</Type><APILanguage>cpp</APILanguage></TokenIdentifier><Path>www.lua.org/manual/5.1/manual.html</Path>
<Anchor>//apple_ref/func/package%2Eloadlib</Anchor></Token>
<Token><TokenIdentifier><Name>luaL_argerror</Name><Type>func</Type><APILanguage>cpp</APILanguage></TokenIdentifier><Path>www.lua.org/manual/5.1/manual.html</Path>
<Anchor>//apple_ref/func/luaL%5Fargerror</Anchor></Token>
<Token><TokenIdentifier><Name>luaL_typename</Name><Type>func</Type><APILanguage>cpp</APILanguage></TokenIdentifier><Path>www.lua.org/manual/5.1/manual.html</Path>
<Anchor>//apple_ref/func/luaL%5Ftypename</Anchor></Token>
<Token><TokenIdentifier><Name>lua_rawequal</Name><Type>func</Type><APILanguage>cpp</APILanguage></TokenIdentifier><Path>www.lua.org/manual/5.1/manual.html</Path>
<Anchor>//apple_ref/func/lua%5Frawequal</Anchor></Token>
<Token><TokenIdentifier><Name>string.format</Name><Type>func</Type><APILanguage>cpp</APILanguage></TokenIdentifier><Path>www.lua.org/manual/5.1/manual.html</Path>
<Anchor>//apple_ref/func/string%2Eformat</Anchor></Token>
<Token><TokenIdentifier><Name>io.open</Name><Type>func</Type><APILanguage>cpp</APILanguage></TokenIdentifier><Path>www.lua.org/manual/5.1/manual.html</Path>
<Anchor>//apple_ref/func/io%2Eopen</Anchor></Token>
<Token><TokenIdentifier><Name>debug.getlocal</Name><Type>func</Type><APILanguage>cpp</APILanguage></TokenIdentifier><Path>www.lua.org/manual/5.1/manual.html</Path>
<Anchor>//apple_ref/func/debug%2Egetlocal</Anchor></Token>
<Token><TokenIdentifier><Name>lua_isboolean</Name><Type>func</Type><APILanguage>cpp</APILanguage></TokenIdentifier><Path>www.lua.org/manual/5.1/manual.html</Path>
<Anchor>//apple_ref/func/lua%5Fisboolean</Anchor></Token>
<Token><TokenIdentifier><Name>lua_Debug</Name><Type>func</Type><APILanguage>cpp</APILanguage></TokenIdentifier><Path>www.lua.org/manual/5.1/manual.html</Path>
<Anchor>//apple_ref/func/lua%5FDebug</Anchor></Token>
<Token><TokenIdentifier><Name>lua_touserdata</Name><Type>func</Type><APILanguage>cpp</APILanguage></TokenIdentifier><Path>www.lua.org/manual/5.1/manual.html</Path>
<Anchor>//apple_ref/func/lua%5Ftouserdata</Anchor></Token>
<Token><TokenIdentifier><Name>math.huge</Name><Type>func</Type><APILanguage>cpp</APILanguage></TokenIdentifier><Path>www.lua.org/manual/5.1/manual.html</Path>
<Anchor>//apple_ref/func/math%2Ehuge</Anchor></Token>
<Token><TokenIdentifier><Name>pcall</Name><Type>func</Type><APILanguage>cpp</APILanguage></TokenIdentifier><Path>www.lua.org/manual/5.1/manual.html</Path>
<Anchor>//apple_ref/func/pcall</Anchor></Token>
<Token><TokenIdentifier><Name>lua_type</Name><Type>func</Type><APILanguage>cpp</APILanguage></TokenIdentifier><Path>www.lua.org/manual/5.1/manual.html</Path>
<Anchor>//apple_ref/func/lua%5Ftype</Anchor></Token>
<Token><TokenIdentifier><Name>lua_equal</Name><Type>func</Type><APILanguage>cpp</APILanguage></TokenIdentifier><Path>www.lua.org/manual/5.1/manual.html</Path>
<Anchor>//apple_ref/func/lua%5Fequal</Anchor></Token>
<Token><TokenIdentifier><Name>math.tan</Name><Type>func</Type><APILanguage>cpp</APILanguage></TokenIdentifier><Path>www.lua.org/manual/5.1/manual.html</Path>
<Anchor>//apple_ref/func/math%2Etan</Anchor></Token>
<Token><TokenIdentifier><Name>LUA_YIELD</Name><Type>func</Type><APILanguage>cpp</APILanguage></TokenIdentifier><Path>www.lua.org/manual/5.1/manual.html</Path>
<Anchor>//apple_ref/func/LUA%5FYIELD</Anchor></Token>
<Token><TokenIdentifier><Name>lua_status</Name><Type>func</Type><APILanguage>cpp</APILanguage></TokenIdentifier><Path>www.lua.org/manual/5.1/manual.html</Path>
<Anchor>//apple_ref/func/lua%5Fstatus</Anchor></Token>
<Token><TokenIdentifier><Name>io.stdin</Name><Type>func</Type><APILanguage>cpp</APILanguage></TokenIdentifier><Path>www.lua.org/manual/5.1/manual.html</Path>
<Anchor>//apple_ref/func/io%2Estdin</Anchor></Token>
<Token><TokenIdentifier><Name>lua_pushlightuserdata</Name><Type>func</Type><APILanguage>cpp</APILanguage></TokenIdentifier><Path>www.lua.org/manual/5.1/manual.html</Path>
<Anchor>//apple_ref/func/lua%5Fpushlightuserdata</Anchor></Token>
<Token><TokenIdentifier><Name>package.loaded</Name><Type>func</Type><APILanguage>cpp</APILanguage></TokenIdentifier><Path>www.lua.org/manual/5.1/manual.html</Path>
<Anchor>//apple_ref/func/package%2Eloaded</Anchor></Token>
<Token><TokenIdentifier><Name>package.seeall</Name><Type>func</Type><APILanguage>cpp</APILanguage></TokenIdentifier><Path>www.lua.org/manual/5.1/manual.html</Path>
<Anchor>//apple_ref/func/package%2Eseeall</Anchor></Token>
<Token><TokenIdentifier><Name>math.random</Name><Type>func</Type><APILanguage>cpp</APILanguage></TokenIdentifier><Path>www.lua.org/manual/5.1/manual.html</Path>
<Anchor>//apple_ref/func/math%2Erandom</Anchor></Token>
<Token><TokenIdentifier><Name>debug.setupvalue</Name><Type>func</Type><APILanguage>cpp</APILanguage></TokenIdentifier><Path>www.lua.org/manual/5.1/manual.html</Path>
<Anchor>//apple_ref/func/debug%2Esetupvalue</Anchor></Token>
<Token><TokenIdentifier><Name>LUA_REGISTRYINDEX</Name><Type>func</Type><APILanguage>cpp</APILanguage></TokenIdentifier><Path>www.lua.org/manual/5.1/manual.html</Path>
<Anchor>//apple_ref/func/LUA%5FREGISTRYINDEX</Anchor></Token>
<Token><TokenIdentifier><Name>os.execute</Name><Type>func</Type><APILanguage>cpp</APILanguage></TokenIdentifier><Path>www.lua.org/manual/5.1/manual.html</Path>
<Anchor>//apple_ref/func/os%2Eexecute</Anchor></Token>
<Token><TokenIdentifier><Name>getfenv</Name><Type>func</Type><APILanguage>cpp</APILanguage></TokenIdentifier><Path>www.lua.org/manual/5.1/manual.html</Path>
<Anchor>//apple_ref/func/getfenv</Anchor></Token>
<Token><TokenIdentifier><Name>LUA_HOOKRET</Name><Type>func</Type><APILanguage>cpp</APILanguage></TokenIdentifier><Path>www.lua.org/manual/5.1/manual.html</Path>
<Anchor>//apple_ref/func/LUA%5FHOOKRET</Anchor></Token>
<Token><TokenIdentifier><Name>luaL_openlibs</Name><Type>func</Type><APILanguage>cpp</APILanguage></TokenIdentifier><Path>www.lua.org/manual/5.1/manual.html</Path>
<Anchor>//apple_ref/func/luaL%5Fopenlibs</Anchor></Token>
<Token><TokenIdentifier><Name>math.min</Name><Type>func</Type><APILanguage>cpp</APILanguage></TokenIdentifier><Path>www.lua.org/manual/5.1/manual.html</Path>
<Anchor>//apple_ref/func/math%2Emin</Anchor></Token>
<Token><TokenIdentifier><Name>luaL_checkint</Name><Type>func</Type><APILanguage>cpp</APILanguage></TokenIdentifier><Path>www.lua.org/manual/5.1/manual.html</Path>
<Anchor>//apple_ref/func/luaL%5Fcheckint</Anchor></Token>
<Token><TokenIdentifier><Name>debug.setfenv</Name><Type>func</Type><APILanguage>cpp</APILanguage></TokenIdentifier><Path>www.lua.org/manual/5.1/manual.html</Path>
<Anchor>//apple_ref/func/debug%2Esetfenv</Anchor></Token>
<Token><TokenIdentifier><Name>getmetatable</Name><Type>func</Type><APILanguage>cpp</APILanguage></TokenIdentifier><Path>www.lua.org/manual/5.1/manual.html</Path>
<Anchor>//apple_ref/func/getmetatable</Anchor></Token>
<Token><TokenIdentifier><Name>coroutine.status</Name><Type>func</Type><APILanguage>cpp</APILanguage></TokenIdentifier><Path>www.lua.org/manual/5.1/manual.html</Path>
<Anchor>//apple_ref/func/coroutine%2Estatus</Anchor></Token>
<Token><TokenIdentifier><Name>luaL_loadfile</Name><Type>func</Type><APILanguage>cpp</APILanguage></TokenIdentifier><Path>www.lua.org/manual/5.1/manual.html</Path>
<Anchor>//apple_ref/func/luaL%5Floadfile</Anchor></Token>
<Token><TokenIdentifier><Name>luaL_checknumber</Name><Type>func</Type><APILanguage>cpp</APILanguage></TokenIdentifier><Path>www.lua.org/manual/5.1/manual.html</Path>
<Anchor>//apple_ref/func/luaL%5Fchecknumber</Anchor></Token>
<Token><TokenIdentifier><Name>lua_newthread</Name><Type>func</Type><APILanguage>cpp</APILanguage></TokenIdentifier><Path>www.lua.org/manual/5.1/manual.html</Path>
<Anchor>//apple_ref/func/lua%5Fnewthread</Anchor></Token>
<Token><TokenIdentifier><Name>lua_rawseti</Name><Type>func</Type><APILanguage>cpp</APILanguage></TokenIdentifier><Path>www.lua.org/manual/5.1/manual.html</Path>
<Anchor>//apple_ref/func/lua%5Frawseti</Anchor></Token>
<Token><TokenIdentifier><Name>math.sqrt</Name><Type>func</Type><APILanguage>cpp</APILanguage></TokenIdentifier><Path>www.lua.org/manual/5.1/manual.html</Path>
<Anchor>//apple_ref/func/math%2Esqrt</Anchor></Token>
<Token><TokenIdentifier><Name>lua_pushfstring</Name><Type>func</Type><APILanguage>cpp</APILanguage></TokenIdentifier><Path>www.lua.org/manual/5.1/manual.html</Path>
<Anchor>//apple_ref/func/lua%5Fpushfstring</Anchor></Token>
<Token><TokenIdentifier><Name>collectgarbage</Name><Type>func</Type><APILanguage>cpp</APILanguage></TokenIdentifier><Path>www.lua.org/manual/5.1/manual.html</Path>
<Anchor>//apple_ref/func/collectgarbage</Anchor></Token>
<Token><TokenIdentifier><Name>lua_Hook</Name><Type>func</Type><APILanguage>cpp</APILanguage></TokenIdentifier><Path>www.lua.org/manual/5.1/manual.html</Path>
<Anchor>//apple_ref/func/lua%5FHook</Anchor></Token>
<Token><TokenIdentifier><Name>math.asin</Name><Type>func</Type><APILanguage>cpp</APILanguage></TokenIdentifier><Path>www.lua.org/manual/5.1/manual.html</Path>
<Anchor>//apple_ref/func/math%2Easin</Anchor></Token>
<Token><TokenIdentifier><Name>lua_tolstring</Name><Type>func</Type><APILanguage>cpp</APILanguage></TokenIdentifier><Path>www.lua.org/manual/5.1/manual.html</Path>
<Anchor>//apple_ref/func/lua%5Ftolstring</Anchor></Token>
<Token><TokenIdentifier><Name>LUA_ENVIRONINDEX</Name><Type>func</Type><APILanguage>cpp</APILanguage></TokenIdentifier><Path>www.lua.org/manual/5.1/manual.html</Path>
<Anchor>//apple_ref/func/LUA%5FENVIRONINDEX</Anchor></Token>
<Token><TokenIdentifier><Name>math.cosh</Name><Type>func</Type><APILanguage>cpp</APILanguage></TokenIdentifier><Path>www.lua.org/manual/5.1/manual.html</Path>
<Anchor>//apple_ref/func/math%2Ecosh</Anchor></Token>
<Token><TokenIdentifier><Name>loadfile</Name><Type>func</Type><APILanguage>cpp</APILanguage></TokenIdentifier><Path>www.lua.org/manual/5.1/manual.html</Path>
<Anchor>//apple_ref/func/loadfile</Anchor></Token>
<Token><TokenIdentifier><Name>lua_pushnumber</Name><Type>func</Type><APILanguage>cpp</APILanguage></TokenIdentifier><Path>www.lua.org/manual/5.1/manual.html</Path>
<Anchor>//apple_ref/func/lua%5Fpushnumber</Anchor></Token>
<Token><TokenIdentifier><Name>math.frexp</Name><Type>func</Type><APILanguage>cpp</APILanguage></TokenIdentifier><Path>www.lua.org/manual/5.1/manual.html</Path>
<Anchor>//apple_ref/func/math%2Efrexp</Anchor></Token>
<Token><TokenIdentifier><Name>LUA_MASKRET</Name><Type>func</Type><APILanguage>cpp</APILanguage></TokenIdentifier><Path>www.lua.org/manual/5.1/manual.html</Path>
<Anchor>//apple_ref/func/LUA%5FMASKRET</Anchor></Token>
<Token><TokenIdentifier><Name>luaL_optlstring</Name><Type>func</Type><APILanguage>cpp</APILanguage></TokenIdentifier><Path>www.lua.org/manual/5.1/manual.html</Path>
<Anchor>//apple_ref/func/luaL%5Foptlstring</Anchor></Token>
<Token><TokenIdentifier><Name>lua_isnoneornil</Name><Type>func</Type><APILanguage>cpp</APILanguage></TokenIdentifier><Path>www.lua.org/manual/5.1/manual.html</Path>
<Anchor>//apple_ref/func/lua%5Fisnoneornil</Anchor></Token>
<Token><TokenIdentifier><Name>LUA_PATH</Name><Type>func</Type><APILanguage>cpp</APILanguage></TokenIdentifier><Path>www.lua.org/manual/5.1/manual.html</Path>
<Anchor>//apple_ref/func/LUA%5FPATH</Anchor></Token>
<Token><TokenIdentifier><Name>string.lower</Name><Type>func</Type><APILanguage>cpp</APILanguage></TokenIdentifier><Path>www.lua.org/manual/5.1/manual.html</Path>
<Anchor>//apple_ref/func/string%2Elower</Anchor></Token>
<Token><TokenIdentifier><Name>lua_getfenv</Name><Type>func</Type><APILanguage>cpp</APILanguage></TokenIdentifier><Path>www.lua.org/manual/5.1/manual.html</Path>
<Anchor>//apple_ref/func/lua%5Fgetfenv</Anchor></Token>
<Token><TokenIdentifier><Name>string.upper</Name><Type>func</Type><APILanguage>cpp</APILanguage></TokenIdentifier><Path>www.lua.org/manual/5.1/manual.html</Path>
<Anchor>//apple_ref/func/string%2Eupper</Anchor></Token>
<Token><TokenIdentifier><Name>lua_resume</Name><Type>func</Type><APILanguage>cpp</APILanguage></TokenIdentifier><Path>www.lua.org/manual/5.1/manual.html</Path>
<Anchor>//apple_ref/func/lua%5Fresume</Anchor></Token>
<Token><TokenIdentifier><Name>luaL_addlstring</Name><Type>func</Type><APILanguage>cpp</APILanguage></TokenIdentifier><Path>www.lua.org/manual/5.1/manual.html</Path>
<Anchor>//apple_ref/func/luaL%5Faddlstring</Anchor></Token>
<Token><TokenIdentifier><Name>luaL_prepbuffer</Name><Type>func</Type><APILanguage>cpp</APILanguage></TokenIdentifier><Path>www.lua.org/manual/5.1/manual.html</Path>
<Anchor>//apple_ref/func/luaL%5Fprepbuffer</Anchor></Token>
<Token><TokenIdentifier><Name>lua_getstack</Name><Type>func</Type><APILanguage>cpp</APILanguage></TokenIdentifier><Path>www.lua.org/manual/5.1/manual.html</Path>
<Anchor>//apple_ref/func/lua%5Fgetstack</Anchor></Token>
<Token><TokenIdentifier><Name>luaL_checktype</Name><Type>func</Type><APILanguage>cpp</APILanguage></TokenIdentifier><Path>www.lua.org/manual/5.1/manual.html</Path>
<Anchor>//apple_ref/func/luaL%5Fchecktype</Anchor></Token>
<Token><TokenIdentifier><Name>file:read</Name><Type>func</Type><APILanguage>cpp</APILanguage></TokenIdentifier><Path>www.lua.org/manual/5.1/manual.html</Path>
<Anchor>//apple_ref/func/file%3Aread</Anchor></Token>
<Token><TokenIdentifier><Name>lua_close</Name><Type>func</Type><APILanguage>cpp</APILanguage></TokenIdentifier><Path>www.lua.org/manual/5.1/manual.html</Path>
<Anchor>//apple_ref/func/lua%5Fclose</Anchor></Token>
<Token><TokenIdentifier><Name>coroutine.yield</Name><Type>func</Type><APILanguage>cpp</APILanguage></TokenIdentifier><Path>www.lua.org/manual/5.1/manual.html</Path>
<Anchor>//apple_ref/func/coroutine%2Eyield</Anchor></Token>
<Token><TokenIdentifier><Name>LUA_ERRRUN</Name><Type>func</Type><APILanguage>cpp</APILanguage></TokenIdentifier><Path>www.lua.org/manual/5.1/manual.html</Path>
<Anchor>//apple_ref/func/LUA%5FERRRUN</Anchor></Token>
<Token><TokenIdentifier><Name>lua_setlocal</Name><Type>func</Type><APILanguage>cpp</APILanguage></TokenIdentifier><Path>www.lua.org/manual/5.1/manual.html</Path>
<Anchor>//apple_ref/func/lua%5Fsetlocal</Anchor></Token>
<Token><TokenIdentifier><Name>loadstring</Name><Type>func</Type><APILanguage>cpp</APILanguage></TokenIdentifier><Path>www.lua.org/manual/5.1/manual.html</Path>
<Anchor>//apple_ref/func/loadstring</Anchor></Token>
<Token><TokenIdentifier><Name>lua_checkstack</Name><Type>func</Type><APILanguage>cpp</APILanguage></TokenIdentifier><Path>www.lua.org/manual/5.1/manual.html</Path>
<Anchor>//apple_ref/func/lua%5Fcheckstack</Anchor></Token>
<Token><TokenIdentifier><Name>lua_gettable</Name><Type>func</Type><APILanguage>cpp</APILanguage></TokenIdentifier><Path>www.lua.org/manual/5.1/manual.html</Path>
<Anchor>//apple_ref/func/lua%5Fgettable</Anchor></Token>
<Token><TokenIdentifier><Name>rawequal</Name><Type>func</Type><APILanguage>cpp</APILanguage></TokenIdentifier><Path>www.lua.org/manual/5.1/manual.html</Path>
<Anchor>//apple_ref/func/rawequal</Anchor></Token>
<Token><TokenIdentifier><Name>io.lines</Name><Type>func</Type><APILanguage>cpp</APILanguage></TokenIdentifier><Path>www.lua.org/manual/5.1/manual.html</Path>
<Anchor>//apple_ref/func/io%2Elines</Anchor></Token>
<Token><TokenIdentifier><Name>xpcall</Name><Type>func</Type><APILanguage>cpp</APILanguage></TokenIdentifier><Path>www.lua.org/manual/5.1/manual.html</Path>
<Anchor>//apple_ref/func/xpcall</Anchor></Token>
<Token><TokenIdentifier><Name>table.remove</Name><Type>func</Type><APILanguage>cpp</APILanguage></TokenIdentifier><Path>www.lua.org/manual/5.1/manual.html</Path>
<Anchor>//apple_ref/func/table%2Eremove</Anchor></Token>
<Token><TokenIdentifier><Name>lua_istable</Name><Type>func</Type><APILanguage>cpp</APILanguage></TokenIdentifier><Path>www.lua.org/manual/5.1/manual.html</Path>
<Anchor>//apple_ref/func/lua%5Fistable</Anchor></Token>
<Token><TokenIdentifier><Name>lua_gethookcount</Name><Type>func</Type><APILanguage>cpp</APILanguage></TokenIdentifier><Path>www.lua.org/manual/5.1/manual.html</Path>
<Anchor>//apple_ref/func/lua%5Fgethookcount</Anchor></Token>
<Token><TokenIdentifier><Name>lua_tothread</Name><Type>func</Type><APILanguage>cpp</APILanguage></TokenIdentifier><Path>www.lua.org/manual/5.1/manual.html</Path>
<Anchor>//apple_ref/func/lua%5Ftothread</Anchor></Token>
<Token><TokenIdentifier><Name>luaL_argcheck</Name><Type>func</Type><APILanguage>cpp</APILanguage></TokenIdentifier><Path>www.lua.org/manual/5.1/manual.html</Path>
<Anchor>//apple_ref/func/luaL%5Fargcheck</Anchor></Token>
<Token><TokenIdentifier><Name>io.stderr</Name><Type>func</Type><APILanguage>cpp</APILanguage></TokenIdentifier><Path>www.lua.org/manual/5.1/manual.html</Path>
<Anchor>//apple_ref/func/io%2Estderr</Anchor></Token>
<Token><TokenIdentifier><Name>lua_pushvfstring</Name><Type>func</Type><APILanguage>cpp</APILanguage></TokenIdentifier><Path>www.lua.org/manual/5.1/manual.html</Path>
<Anchor>//apple_ref/func/lua%5Fpushvfstring</Anchor></Token>
<Token><TokenIdentifier><Name>luaL_error</Name><Type>func</Type><APILanguage>cpp</APILanguage></TokenIdentifier><Path>www.lua.org/manual/5.1/manual.html</Path>
<Anchor>//apple_ref/func/luaL%5Ferror</Anchor></Token>
<Token><TokenIdentifier><Name>lua_yield</Name><Type>func</Type><APILanguage>cpp</APILanguage></TokenIdentifier><Path>www.lua.org/manual/5.1/manual.html</Path>
<Anchor>//apple_ref/func/lua%5Fyield</Anchor></Token>
<Token><TokenIdentifier><Name>debug.getinfo</Name><Type>func</Type><APILanguage>cpp</APILanguage></TokenIdentifier><Path>www.lua.org/manual/5.1/manual.html</Path>
<Anchor>//apple_ref/func/debug%2Egetinfo</Anchor></Token>
<Token><TokenIdentifier><Name>lua_insert</Name><Type>func</Type><APILanguage>cpp</APILanguage></TokenIdentifier><Path>www.lua.org/manual/5.1/manual.html</Path>
<Anchor>//apple_ref/func/lua%5Finsert</Anchor></Token>
<Token><TokenIdentifier><Name>package.preload</Name><Type>func</Type><APILanguage>cpp</APILanguage></TokenIdentifier><Path>www.lua.org/manual/5.1/manual.html</Path>
<Anchor>//apple_ref/func/package%2Epreload</Anchor></Token>
<Token><TokenIdentifier><Name>os.difftime</Name><Type>func</Type><APILanguage>cpp</APILanguage></TokenIdentifier><Path>www.lua.org/manual/5.1/manual.html</Path>
<Anchor>//apple_ref/func/os%2Edifftime</Anchor></Token>
<Token><TokenIdentifier><Name>luaL_register</Name><Type>func</Type><APILanguage>cpp</APILanguage></TokenIdentifier><Path>www.lua.org/manual/5.1/manual.html</Path>
<Anchor>//apple_ref/func/luaL%5Fregister</Anchor></Token>
<Token><TokenIdentifier><Name>lua_isnil</Name><Type>func</Type><APILanguage>cpp</APILanguage></TokenIdentifier><Path>www.lua.org/manual/5.1/manual.html</Path>
<Anchor>//apple_ref/func/lua%5Fisnil</Anchor></Token>
<Token><TokenIdentifier><Name>debug.getupvalue</Name><Type>func</Type><APILanguage>cpp</APILanguage></TokenIdentifier><Path>www.lua.org/manual/5.1/manual.html</Path>
<Anchor>//apple_ref/func/debug%2Egetupvalue</Anchor></Token>
<Token><TokenIdentifier><Name>io.write</Name><Type>func</Type><APILanguage>cpp</APILanguage></TokenIdentifier><Path>www.lua.org/manual/5.1/manual.html</Path>
<Anchor>//apple_ref/func/io%2Ewrite</Anchor></Token>
<Token><TokenIdentifier><Name>coroutine.running</Name><Type>func</Type><APILanguage>cpp</APILanguage></TokenIdentifier><Path>www.lua.org/manual/5.1/manual.html</Path>
<Anchor>//apple_ref/func/coroutine%2Erunning</Anchor></Token>
<Token><TokenIdentifier><Name>math.max</Name><Type>func</Type><APILanguage>cpp</APILanguage></TokenIdentifier><Path>www.lua.org/manual/5.1/manual.html</Path>
<Anchor>//apple_ref/func/math%2Emax</Anchor></Token>
<Token><TokenIdentifier><Name>luaL_where</Name><Type>func</Type><APILanguage>cpp</APILanguage></TokenIdentifier><Path>www.lua.org/manual/5.1/manual.html</Path>
<Anchor>//apple_ref/func/luaL%5Fwhere</Anchor></Token>
<Token><TokenIdentifier><Name>lua_setupvalue</Name><Type>func</Type><APILanguage>cpp</APILanguage></TokenIdentifier><Path>www.lua.org/manual/5.1/manual.html</Path>
<Anchor>//apple_ref/func/lua%5Fsetupvalue</Anchor></Token>
<Token><TokenIdentifier><Name>luaL_checkany</Name><Type>func</Type><APILanguage>cpp</APILanguage></TokenIdentifier><Path>www.lua.org/manual/5.1/manual.html</Path>
<Anchor>//apple_ref/func/luaL%5Fcheckany</Anchor></Token>
<Token><TokenIdentifier><Name>os.rename</Name><Type>func</Type><APILanguage>cpp</APILanguage></TokenIdentifier><Path>www.lua.org/manual/5.1/manual.html</Path>
<Anchor>//apple_ref/func/os%2Erename</Anchor></Token>
<Token><TokenIdentifier><Name>package.cpath</Name><Type>func</Type><APILanguage>cpp</APILanguage></TokenIdentifier><Path>www.lua.org/manual/5.1/manual.html</Path>
<Anchor>//apple_ref/func/package%2Ecpath</Anchor></Token>
<Token><TokenIdentifier><Name>lua_rawset</Name><Type>func</Type><APILanguage>cpp</APILanguage></TokenIdentifier><Path>www.lua.org/manual/5.1/manual.html</Path>
<Anchor>//apple_ref/func/lua%5Frawset</Anchor></Token>
<Token><TokenIdentifier><Name>select</Name><Type>func</Type><APILanguage>cpp</APILanguage></TokenIdentifier><Path>www.lua.org/manual/5.1/manual.html</Path>
<Anchor>//apple_ref/func/select</Anchor></Token>
<Token><TokenIdentifier><Name>LUA_REFNIL</Name><Type>func</Type><APILanguage>cpp</APILanguage></TokenIdentifier><Path>www.lua.org/manual/5.1/manual.html</Path>
<Anchor>//apple_ref/func/LUA%5FREFNIL</Anchor></Token>
<Token><TokenIdentifier><Name>math.acos</Name><Type>func</Type><APILanguage>cpp</APILanguage></TokenIdentifier><Path>www.lua.org/manual/5.1/manual.html</Path>
<Anchor>//apple_ref/func/math%2Eacos</Anchor></Token>
<Token><TokenIdentifier><Name>lua_islightuserdata</Name><Type>func</Type><APILanguage>cpp</APILanguage></TokenIdentifier><Path>www.lua.org/manual/5.1/manual.html</Path>
<Anchor>//apple_ref/func/lua%5Fislightuserdata</Anchor></Token>
<Token><TokenIdentifier><Name>math.rad</Name><Type>func</Type><APILanguage>cpp</APILanguage></TokenIdentifier><Path>www.lua.org/manual/5.1/manual.html</Path>
<Anchor>//apple_ref/func/math%2Erad</Anchor></Token>
<Token><TokenIdentifier><Name>math.cos</Name><Type>func</Type><APILanguage>cpp</APILanguage></TokenIdentifier><Path>www.lua.org/manual/5.1/manual.html</Path>
<Anchor>//apple_ref/func/math%2Ecos</Anchor></Token>
<Token><TokenIdentifier><Name>print</Name><Type>func</Type><APILanguage>cpp</APILanguage></TokenIdentifier><Path>www.lua.org/manual/5.1/manual.html</Path>
<Anchor>//apple_ref/func/print</Anchor></Token>
<Token><TokenIdentifier><Name>lua_newtable</Name><Type>func</Type><APILanguage>cpp</APILanguage></TokenIdentifier><Path>www.lua.org/manual/5.1/manual.html</Path>
<Anchor>//apple_ref/func/lua%5Fnewtable</Anchor></Token>
<Token><TokenIdentifier><Name>LUA_HOOKLINE</Name><Type>func</Type><APILanguage>cpp</APILanguage></TokenIdentifier><Path>www.lua.org/manual/5.1/manual.html</Path>
<Anchor>//apple_ref/func/LUA%5FHOOKLINE</Anchor></Token>
<Token><TokenIdentifier><Name>luaL_checklstring</Name><Type>func</Type><APILanguage>cpp</APILanguage></TokenIdentifier><Path>www.lua.org/manual/5.1/manual.html</Path>
<Anchor>//apple_ref/func/luaL%5Fchecklstring</Anchor></Token>
<Token><TokenIdentifier><Name>debug.setmetatable</Name><Type>func</Type><APILanguage>cpp</APILanguage></TokenIdentifier><Path>www.lua.org/manual/5.1/manual.html</Path>
<Anchor>//apple_ref/func/debug%2Esetmetatable</Anchor></Token>
<Token><TokenIdentifier><Name>luaL_loadbuffer</Name><Type>func</Type><APILanguage>cpp</APILanguage></TokenIdentifier><Path>www.lua.org/manual/5.1/manual.html</Path>
<Anchor>//apple_ref/func/luaL%5Floadbuffer</Anchor></Token>
<Token><TokenIdentifier><Name>luaL_newstate</Name><Type>func</Type><APILanguage>cpp</APILanguage></TokenIdentifier><Path>www.lua.org/manual/5.1/manual.html</Path>
<Anchor>//apple_ref/func/luaL%5Fnewstate</Anchor></Token>
<Token><TokenIdentifier><Name>lua_pushcfunction</Name><Type>func</Type><APILanguage>cpp</APILanguage></TokenIdentifier><Path>www.lua.org/manual/5.1/manual.html</Path>
<Anchor>//apple_ref/func/lua%5Fpushcfunction</Anchor></Token>
<Token><TokenIdentifier><Name>lua_pop</Name><Type>func</Type><APILanguage>cpp</APILanguage></TokenIdentifier><Path>www.lua.org/manual/5.1/manual.html</Path>
<Anchor>//apple_ref/func/lua%5Fpop</Anchor></Token>
<Token><TokenIdentifier><Name>LUA_INIT</Name><Type>func</Type><APILanguage>cpp</APILanguage></TokenIdentifier><Path>www.lua.org/manual/5.1/manual.html</Path>
<Anchor>//apple_ref/func/LUA%5FINIT</Anchor></Token>
<Token><TokenIdentifier><Name>lua_tointeger</Name><Type>func</Type><APILanguage>cpp</APILanguage></TokenIdentifier><Path>www.lua.org/manual/5.1/manual.html</Path>
<Anchor>//apple_ref/func/lua%5Ftointeger</Anchor></Token>
<Token><TokenIdentifier><Name>lua_replace</Name><Type>func</Type><APILanguage>cpp</APILanguage></TokenIdentifier><Path>www.lua.org/manual/5.1/manual.html</Path>
<Anchor>//apple_ref/func/lua%5Freplace</Anchor></Token>
<Token><TokenIdentifier><Name>string.sub</Name><Type>func</Type><APILanguage>cpp</APILanguage></TokenIdentifier><Path>www.lua.org/manual/5.1/manual.html</Path>
<Anchor>//apple_ref/func/string%2Esub</Anchor></Token>
<Token><TokenIdentifier><Name>string.find</Name><Type>func</Type><APILanguage>cpp</APILanguage></TokenIdentifier><Path>www.lua.org/manual/5.1/manual.html</Path>
<Anchor>//apple_ref/func/string%2Efind</Anchor></Token>
<Token><TokenIdentifier><Name>lua_pushnil</Name><Type>func</Type><APILanguage>cpp</APILanguage></TokenIdentifier><Path>www.lua.org/manual/5.1/manual.html</Path>
<Anchor>//apple_ref/func/lua%5Fpushnil</Anchor></Token>
<Token><TokenIdentifier><Name>luaL_optlong</Name><Type>func</Type><APILanguage>cpp</APILanguage></TokenIdentifier><Path>www.lua.org/manual/5.1/manual.html</Path>
<Anchor>//apple_ref/func/luaL%5Foptlong</Anchor></Token>
<Token><TokenIdentifier><Name>LUA_MASKLINE</Name><Type>func</Type><APILanguage>cpp</APILanguage></TokenIdentifier><Path>www.lua.org/manual/5.1/manual.html</Path>
<Anchor>//apple_ref/func/LUA%5FMASKLINE</Anchor></Token>
<Token><TokenIdentifier><Name>_VERSION</Name><Type>func</Type><APILanguage>cpp</APILanguage></TokenIdentifier><Path>www.lua.org/manual/5.1/manual.html</Path>
<Anchor>//apple_ref/func/%5FVERSION</Anchor></Token>
<Token><TokenIdentifier><Name>math.fmod</Name><Type>func</Type><APILanguage>cpp</APILanguage></TokenIdentifier><Path>www.lua.org/manual/5.1/manual.html</Path>
<Anchor>//apple_ref/func/math%2Efmod</Anchor></Token>
<Token><TokenIdentifier><Name>LUA_ERRMEM</Name><Type>func</Type><APILanguage>cpp</APILanguage></TokenIdentifier><Path>www.lua.org/manual/5.1/manual.html</Path>
<Anchor>//apple_ref/func/LUA%5FERRMEM</Anchor></Token>
<Token><TokenIdentifier><Name>io.input</Name><Type>func</Type><APILanguage>cpp</APILanguage></TokenIdentifier><Path>www.lua.org/manual/5.1/manual.html</Path>
<Anchor>//apple_ref/func/io%2Einput</Anchor></Token>
<Token><TokenIdentifier><Name>math.log10</Name><Type>func</Type><APILanguage>cpp</APILanguage></TokenIdentifier><Path>www.lua.org/manual/5.1/manual.html</Path>
<Anchor>//apple_ref/func/math%2Elog10</Anchor></Token>
<Token><TokenIdentifier><Name>setfenv</Name><Type>func</Type><APILanguage>cpp</APILanguage></TokenIdentifier><Path>www.lua.org/manual/5.1/manual.html</Path>
<Anchor>//apple_ref/func/setfenv</Anchor></Token>
<Token><TokenIdentifier><Name>lua_setglobal</Name><Type>func</Type><APILanguage>cpp</APILanguage></TokenIdentifier><Path>www.lua.org/manual/5.1/manual.html</Path>
<Anchor>//apple_ref/func/lua%5Fsetglobal</Anchor></Token>
<Token><TokenIdentifier><Name>lua_dump</Name><Type>func</Type><APILanguage>cpp</APILanguage></TokenIdentifier><Path>www.lua.org/manual/5.1/manual.html</Path>
<Anchor>//apple_ref/func/lua%5Fdump</Anchor></Token>
<Token><TokenIdentifier><Name>lua_getmetatable</Name><Type>func</Type><APILanguage>cpp</APILanguage></TokenIdentifier><Path>www.lua.org/manual/5.1/manual.html</Path>
<Anchor>//apple_ref/func/lua%5Fgetmetatable</Anchor></Token>
<Token><TokenIdentifier><Name>lua_getallocf</Name><Type>func</Type><APILanguage>cpp</APILanguage></TokenIdentifier><Path>www.lua.org/manual/5.1/manual.html</Path>
<Anchor>//apple_ref/func/lua%5Fgetallocf</Anchor></Token>
<Token><TokenIdentifier><Name>file:lines</Name><Type>func</Type><APILanguage>cpp</APILanguage></TokenIdentifier><Path>www.lua.org/manual/5.1/manual.html</Path>
<Anchor>//apple_ref/func/file%3Alines</Anchor></Token>
<Token><TokenIdentifier><Name>luaL_checkstring</Name><Type>func</Type><APILanguage>cpp</APILanguage></TokenIdentifier><Path>www.lua.org/manual/5.1/manual.html</Path>
<Anchor>//apple_ref/func/luaL%5Fcheckstring</Anchor></Token>
<Token><TokenIdentifier><Name>assert</Name><Type>func</Type><APILanguage>cpp</APILanguage></TokenIdentifier><Path>www.lua.org/manual/5.1/manual.html</Path>
<Anchor>//apple_ref/func/assert</Anchor></Token>
<Token><TokenIdentifier><Name>luaL_addchar</Name><Type>func</Type><APILanguage>cpp</APILanguage></TokenIdentifier><Path>www.lua.org/manual/5.1/manual.html</Path>
<Anchor>//apple_ref/func/luaL%5Faddchar</Anchor></Token>
<Token><TokenIdentifier><Name>lua_createtable</Name><Type>func</Type><APILanguage>cpp</APILanguage></TokenIdentifier><Path>www.lua.org/manual/5.1/manual.html</Path>
<Anchor>//apple_ref/func/lua%5Fcreatetable</Anchor></Token>
<Token><TokenIdentifier><Name>lua_upvalueindex</Name><Type>func</Type><APILanguage>cpp</APILanguage></TokenIdentifier><Path>www.lua.org/manual/5.1/manual.html</Path>
<Anchor>//apple_ref/func/lua%5Fupvalueindex</Anchor></Token>
<Token><TokenIdentifier><Name>io.read</Name><Type>func</Type><APILanguage>cpp</APILanguage></TokenIdentifier><Path>www.lua.org/manual/5.1/manual.html</Path>
<Anchor>//apple_ref/func/io%2Eread</Anchor></Token>
<Token><TokenIdentifier><Name>lua_xmove</Name><Type>func</Type><APILanguage>cpp</APILanguage></TokenIdentifier><Path>www.lua.org/manual/5.1/manual.html</Path>
<Anchor>//apple_ref/func/lua%5Fxmove</Anchor></Token>
<Token><TokenIdentifier><Name>table.maxn</Name><Type>func</Type><APILanguage>cpp</APILanguage></TokenIdentifier><Path>www.lua.org/manual/5.1/manual.html</Path>
<Anchor>//apple_ref/func/table%2Emaxn</Anchor></Token>
<Token><TokenIdentifier><Name>os.date</Name><Type>func</Type><APILanguage>cpp</APILanguage></TokenIdentifier><Path>www.lua.org/manual/5.1/manual.html</Path>
<Anchor>//apple_ref/func/os%2Edate</Anchor></Token>
<Token><TokenIdentifier><Name>lua_isstring</Name><Type>func</Type><APILanguage>cpp</APILanguage></TokenIdentifier><Path>www.lua.org/manual/5.1/manual.html</Path>
<Anchor>//apple_ref/func/lua%5Fisstring</Anchor></Token>
<Token><TokenIdentifier><Name>math.abs</Name><Type>func</Type><APILanguage>cpp</APILanguage></TokenIdentifier><Path>www.lua.org/manual/5.1/manual.html</Path>
<Anchor>//apple_ref/func/math%2Eabs</Anchor></Token>
<Token><TokenIdentifier><Name>coroutine.wrap</Name><Type>func</Type><APILanguage>cpp</APILanguage></TokenIdentifier><Path>www.lua.org/manual/5.1/manual.html</Path>
<Anchor>//apple_ref/func/coroutine%2Ewrap</Anchor></Token>
<Token><TokenIdentifier><Name>io.type</Name><Type>func</Type><APILanguage>cpp</APILanguage></TokenIdentifier><Path>www.lua.org/manual/5.1/manual.html</Path>
<Anchor>//apple_ref/func/io%2Etype</Anchor></Token>
<Token><TokenIdentifier><Name>lua_setfield</Name><Type>func</Type><APILanguage>cpp</APILanguage></TokenIdentifier><Path>www.lua.org/manual/5.1/manual.html</Path>
<Anchor>//apple_ref/func/lua%5Fsetfield</Anchor></Token>
<Token><TokenIdentifier><Name>lua_tostring</Name><Type>func</Type><APILanguage>cpp</APILanguage></TokenIdentifier><Path>www.lua.org/manual/5.1/manual.html</Path>
<Anchor>//apple_ref/func/lua%5Ftostring</Anchor></Token>
<Token><TokenIdentifier><Name>math.sinh</Name><Type>func</Type><APILanguage>cpp</APILanguage></TokenIdentifier><Path>www.lua.org/manual/5.1/manual.html</Path>
<Anchor>//apple_ref/func/math%2Esinh</Anchor></Token>
<Token><TokenIdentifier><Name>luaL_addvalue</Name><Type>func</Type><APILanguage>cpp</APILanguage></TokenIdentifier><Path>www.lua.org/manual/5.1/manual.html</Path>
<Anchor>//apple_ref/func/luaL%5Faddvalue</Anchor></Token>
<Token><TokenIdentifier><Name>luaL_dostring</Name><Type>func</Type><APILanguage>cpp</APILanguage></TokenIdentifier><Path>www.lua.org/manual/5.1/manual.html</Path>
<Anchor>//apple_ref/func/luaL%5Fdostring</Anchor></Token>
<Token><TokenIdentifier><Name>package.path</Name><Type>func</Type><APILanguage>cpp</APILanguage></TokenIdentifier><Path>www.lua.org/manual/5.1/manual.html</Path>
<Anchor>//apple_ref/func/package%2Epath</Anchor></Token>
<Token><TokenIdentifier><Name>rawget</Name><Type>func</Type><APILanguage>cpp</APILanguage></TokenIdentifier><Path>www.lua.org/manual/5.1/manual.html</Path>
<Anchor>//apple_ref/func/rawget</Anchor></Token>
<Token><TokenIdentifier><Name>lua_gethook</Name><Type>func</Type><APILanguage>cpp</APILanguage></TokenIdentifier><Path>www.lua.org/manual/5.1/manual.html</Path>
<Anchor>//apple_ref/func/lua%5Fgethook</Anchor></Token>
<Token><TokenIdentifier><Name>lua_pushvalue</Name><Type>func</Type><APILanguage>cpp</APILanguage></TokenIdentifier><Path>www.lua.org/manual/5.1/manual.html</Path>
<Anchor>//apple_ref/func/lua%5Fpushvalue</Anchor></Token>
<Token><TokenIdentifier><Name>file:write</Name><Type>func</Type><APILanguage>cpp</APILanguage></TokenIdentifier><Path>www.lua.org/manual/5.1/manual.html</Path>
<Anchor>//apple_ref/func/file%3Awrite</Anchor></Token>
<Token><TokenIdentifier><Name>tonumber</Name><Type>func</Type><APILanguage>cpp</APILanguage></TokenIdentifier><Path>www.lua.org/manual/5.1/manual.html</Path>
<Anchor>//apple_ref/func/tonumber</Anchor></Token>
<Token><TokenIdentifier><Name>os.remove</Name><Type>func</Type><APILanguage>cpp</APILanguage></TokenIdentifier><Path>www.lua.org/manual/5.1/manual.html</Path>
<Anchor>//apple_ref/func/os%2Eremove</Anchor></Token>
<Token><TokenIdentifier><Name>debug.gethook</Name><Type>func</Type><APILanguage>cpp</APILanguage></TokenIdentifier><Path>www.lua.org/manual/5.1/manual.html</Path>
<Anchor>//apple_ref/func/debug%2Egethook</Anchor></Token>
<Token><TokenIdentifier><Name>lua_objlen</Name><Type>func</Type><APILanguage>cpp</APILanguage></TokenIdentifier><Path>www.lua.org/manual/5.1/manual.html</Path>
<Anchor>//apple_ref/func/lua%5Fobjlen</Anchor></Token>
<Token><TokenIdentifier><Name>lua_getupvalue</Name><Type>func</Type><APILanguage>cpp</APILanguage></TokenIdentifier><Path>www.lua.org/manual/5.1/manual.html</Path>
<Anchor>//apple_ref/func/lua%5Fgetupvalue</Anchor></Token>
<Token><TokenIdentifier><Name>math.pow</Name><Type>func</Type><APILanguage>cpp</APILanguage></TokenIdentifier><Path>www.lua.org/manual/5.1/manual.html</Path>
<Anchor>//apple_ref/func/math%2Epow</Anchor></Token>
<Token><TokenIdentifier><Name>debug.getregistry</Name><Type>func</Type><APILanguage>cpp</APILanguage></TokenIdentifier><Path>www.lua.org/manual/5.1/manual.html</Path>
<Anchor>//apple_ref/func/debug%2Egetregistry</Anchor></Token>
<Token><TokenIdentifier><Name>setmetatable</Name><Type>func</Type><APILanguage>cpp</APILanguage></TokenIdentifier><Path>www.lua.org/manual/5.1/manual.html</Path>
<Anchor>//apple_ref/func/setmetatable</Anchor></Token>
<Token><TokenIdentifier><Name>math.ceil</Name><Type>func</Type><APILanguage>cpp</APILanguage></TokenIdentifier><Path>www.lua.org/manual/5.1/manual.html</Path>
<Anchor>//apple_ref/func/math%2Eceil</Anchor></Token>
<Token><TokenIdentifier><Name>ipairs</Name><Type>func</Type><APILanguage>cpp</APILanguage></TokenIdentifier><Path>www.lua.org/manual/5.1/manual.html</Path>
<Anchor>//apple_ref/func/ipairs</Anchor></Token>
<Token><TokenIdentifier><Name>lua_lessthan</Name><Type>func</Type><APILanguage>cpp</APILanguage></TokenIdentifier><Path>www.lua.org/manual/5.1/manual.html</Path>
<Anchor>//apple_ref/func/lua%5Flessthan</Anchor></Token>
<Token><TokenIdentifier><Name>lua_Writer</Name><Type>func</Type><APILanguage>cpp</APILanguage></TokenIdentifier><Path>www.lua.org/manual/5.1/manual.html</Path>
<Anchor>//apple_ref/func/lua%5FWriter</Anchor></Token>
<Token><TokenIdentifier><Name>lua_rawgeti</Name><Type>func</Type><APILanguage>cpp</APILanguage></TokenIdentifier><Path>www.lua.org/manual/5.1/manual.html</Path>
<Anchor>//apple_ref/func/lua%5Frawgeti</Anchor></Token>
<Token><TokenIdentifier><Name>string.gsub</Name><Type>func</Type><APILanguage>cpp</APILanguage></TokenIdentifier><Path>www.lua.org/manual/5.1/manual.html</Path>
<Anchor>//apple_ref/func/string%2Egsub</Anchor></Token>
<Token><TokenIdentifier><Name>math.floor</Name><Type>func</Type><APILanguage>cpp</APILanguage></TokenIdentifier><Path>www.lua.org/manual/5.1/manual.html</Path>
<Anchor>//apple_ref/func/math%2Efloor</Anchor></Token>
<Token><TokenIdentifier><Name>lua_Alloc</Name><Type>func</Type><APILanguage>cpp</APILanguage></TokenIdentifier><Path>www.lua.org/manual/5.1/manual.html</Path>
<Anchor>//apple_ref/func/lua%5FAlloc</Anchor></Token>
<Token><TokenIdentifier><Name>luaL_unref</Name><Type>func</Type><APILanguage>cpp</APILanguage></TokenIdentifier><Path>www.lua.org/manual/5.1/manual.html</Path>
<Anchor>//apple_ref/func/luaL%5Funref</Anchor></Token>
<Token><TokenIdentifier><Name>math.atan2</Name><Type>func</Type><APILanguage>cpp</APILanguage></TokenIdentifier><Path>www.lua.org/manual/5.1/manual.html</Path>
<Anchor>//apple_ref/func/math%2Eatan2</Anchor></Token>
<Token><TokenIdentifier><Name>string.len</Name><Type>func</Type><APILanguage>cpp</APILanguage></TokenIdentifier><Path>www.lua.org/manual/5.1/manual.html</Path>
<Anchor>//apple_ref/func/string%2Elen</Anchor></Token>
<Token><TokenIdentifier><Name>dofile</Name><Type>func</Type><APILanguage>cpp</APILanguage></TokenIdentifier><Path>www.lua.org/manual/5.1/manual.html</Path>
<Anchor>//apple_ref/func/dofile</Anchor></Token>
<Token><TokenIdentifier><Name>lua_settop</Name><Type>func</Type><APILanguage>cpp</APILanguage></TokenIdentifier><Path>www.lua.org/manual/5.1/manual.html</Path>
<Anchor>//apple_ref/func/lua%5Fsettop</Anchor></Token>
<Token><TokenIdentifier><Name>luaL_callmeta</Name><Type>func</Type><APILanguage>cpp</APILanguage></TokenIdentifier><Path>www.lua.org/manual/5.1/manual.html</Path>
<Anchor>//apple_ref/func/luaL%5Fcallmeta</Anchor></Token>
<Token><TokenIdentifier><Name>coroutine.resume</Name><Type>func</Type><APILanguage>cpp</APILanguage></TokenIdentifier><Path>www.lua.org/manual/5.1/manual.html</Path>
<Anchor>//apple_ref/func/coroutine%2Eresume</Anchor></Token>
<Token><TokenIdentifier><Name>lua_pcall</Name><Type>func</Type><APILanguage>cpp</APILanguage></TokenIdentifier><Path>www.lua.org/manual/5.1/manual.html</Path>
<Anchor>//apple_ref/func/lua%5Fpcall</Anchor></Token>
<Token><TokenIdentifier><Name>lua_call</Name><Type>func</Type><APILanguage>cpp</APILanguage></TokenIdentifier><Path>www.lua.org/manual/5.1/manual.html</Path>
<Anchor>//apple_ref/func/lua%5Fcall</Anchor></Token>
<Token><TokenIdentifier><Name>lua_newstate</Name><Type>func</Type><APILanguage>cpp</APILanguage></TokenIdentifier><Path>www.lua.org/manual/5.1/manual.html</Path>
<Anchor>//apple_ref/func/lua%5Fnewstate</Anchor></Token>
<Token><TokenIdentifier><Name>module</Name><Type>func</Type><APILanguage>cpp</APILanguage></TokenIdentifier><Path>www.lua.org/manual/5.1/manual.html</Path>
<Anchor>//apple_ref/func/module</Anchor></Token>
<Token><TokenIdentifier><Name>LUA_HOOKCOUNT</Name><Type>func</Type><APILanguage>cpp</APILanguage></TokenIdentifier><Path>www.lua.org/manual/5.1/manual.html</Path>
<Anchor>//apple_ref/func/LUA%5FHOOKCOUNT</Anchor></Token>
<Token><TokenIdentifier><Name>string.dump</Name><Type>func</Type><APILanguage>cpp</APILanguage></TokenIdentifier><Path>www.lua.org/manual/5.1/manual.html</Path>
<Anchor>//apple_ref/func/string%2Edump</Anchor></Token>
<Token><TokenIdentifier><Name>lua_atpanic</Name><Type>func</Type><APILanguage>cpp</APILanguage></TokenIdentifier><Path>www.lua.org/manual/5.1/manual.html</Path>
<Anchor>//apple_ref/func/lua%5Fatpanic</Anchor></Token>
<Token><TokenIdentifier><Name>debug.setlocal</Name><Type>func</Type><APILanguage>cpp</APILanguage></TokenIdentifier><Path>www.lua.org/manual/5.1/manual.html</Path>
<Anchor>//apple_ref/func/debug%2Esetlocal</Anchor></Token>
<Token><TokenIdentifier><Name>luaL_newmetatable</Name><Type>func</Type><APILanguage>cpp</APILanguage></TokenIdentifier><Path>www.lua.org/manual/5.1/manual.html</Path>
<Anchor>//apple_ref/func/luaL%5Fnewmetatable</Anchor></Token>
<Token><TokenIdentifier><Name>lua_isfunction</Name><Type>func</Type><APILanguage>cpp</APILanguage></TokenIdentifier><Path>www.lua.org/manual/5.1/manual.html</Path>
<Anchor>//apple_ref/func/lua%5Fisfunction</Anchor></Token>
<Token><TokenIdentifier><Name>luaL_checklong</Name><Type>func</Type><APILanguage>cpp</APILanguage></TokenIdentifier><Path>www.lua.org/manual/5.1/manual.html</Path>
<Anchor>//apple_ref/func/luaL%5Fchecklong</Anchor></Token>
<Token><TokenIdentifier><Name>io.flush</Name><Type>func</Type><APILanguage>cpp</APILanguage></TokenIdentifier><Path>www.lua.org/manual/5.1/manual.html</Path>
<Anchor>//apple_ref/func/io%2Eflush</Anchor></Token>
<Token><TokenIdentifier><Name>luaL_optstring</Name><Type>func</Type><APILanguage>cpp</APILanguage></TokenIdentifier><Path>www.lua.org/manual/5.1/manual.html</Path>
<Anchor>//apple_ref/func/luaL%5Foptstring</Anchor></Token>
<Token><TokenIdentifier><Name>LUA_MASKCOUNT</Name><Type>func</Type><APILanguage>cpp</APILanguage></TokenIdentifier><Path>www.lua.org/manual/5.1/manual.html</Path>
<Anchor>//apple_ref/func/LUA%5FMASKCOUNT</Anchor></Token>
<Token><TokenIdentifier><Name>table.sort</Name><Type>func</Type><APILanguage>cpp</APILanguage></TokenIdentifier><Path>www.lua.org/manual/5.1/manual.html</Path>
<Anchor>//apple_ref/func/table%2Esort</Anchor></Token>
<Token><TokenIdentifier><Name>string.reverse</Name><Type>func</Type><APILanguage>cpp</APILanguage></TokenIdentifier><Path>www.lua.org/manual/5.1/manual.html</Path>
<Anchor>//apple_ref/func/string%2Ereverse</Anchor></Token>
<Token><TokenIdentifier><Name>LUA_CPATH</Name><Type>func</Type><APILanguage>cpp</APILanguage></TokenIdentifier><Path>www.lua.org/manual/5.1/manual.html</Path>
<Anchor>//apple_ref/func/LUA%5FCPATH</Anchor></Token>
<Token><TokenIdentifier><Name>lua_remove</Name><Type>func</Type><APILanguage>cpp</APILanguage></TokenIdentifier><Path>www.lua.org/manual/5.1/manual.html</Path>
<Anchor>//apple_ref/func/lua%5Fremove</Anchor></Token>
<Token><TokenIdentifier><Name>lua_pushlstring</Name><Type>func</Type><APILanguage>cpp</APILanguage></TokenIdentifier><Path>www.lua.org/manual/5.1/manual.html</Path>
<Anchor>//apple_ref/func/lua%5Fpushlstring</Anchor></Token>
<Token><TokenIdentifier><Name>lua_isnumber</Name><Type>func</Type><APILanguage>cpp</APILanguage></TokenIdentifier><Path>www.lua.org/manual/5.1/manual.html</Path>
<Anchor>//apple_ref/func/lua%5Fisnumber</Anchor></Token>
<Token><TokenIdentifier><Name>io.popen</Name><Type>func</Type><APILanguage>cpp</APILanguage></TokenIdentifier><Path>www.lua.org/manual/5.1/manual.html</Path>
<Anchor>//apple_ref/func/io%2Epopen</Anchor></Token>
<Token><TokenIdentifier><Name>lua_tocfunction</Name><Type>func</Type><APILanguage>cpp</APILanguage></TokenIdentifier><Path>www.lua.org/manual/5.1/manual.html</Path>
<Anchor>//apple_ref/func/lua%5Ftocfunction</Anchor></Token>
<Token><TokenIdentifier><Name>lua_load</Name><Type>func</Type><APILanguage>cpp</APILanguage></TokenIdentifier><Path>www.lua.org/manual/5.1/manual.html</Path>
<Anchor>//apple_ref/func/lua%5Fload</Anchor></Token>
<Token><TokenIdentifier><Name>LUA_ERRFILE</Name><Type>func</Type><APILanguage>cpp</APILanguage></TokenIdentifier><Path>www.lua.org/manual/5.1/manual.html</Path>
<Anchor>//apple_ref/func/LUA%5FERRFILE</Anchor></Token>
<Token><TokenIdentifier><Name>luaL_ref</Name><Type>func</Type><APILanguage>cpp</APILanguage></TokenIdentifier><Path>www.lua.org/manual/5.1/manual.html</Path>
<Anchor>//apple_ref/func/luaL%5Fref</Anchor></Token>
<Token><TokenIdentifier><Name>lua_pushcclosure</Name><Type>func</Type><APILanguage>cpp</APILanguage></TokenIdentifier><Path>www.lua.org/manual/5.1/manual.html</Path>
<Anchor>//apple_ref/func/lua%5Fpushcclosure</Anchor></Token>
<Token><TokenIdentifier><Name>os.clock</Name><Type>func</Type><APILanguage>cpp</APILanguage></TokenIdentifier><Path>www.lua.org/manual/5.1/manual.html</Path>
<Anchor>//apple_ref/func/os%2Eclock</Anchor></Token>
<Token><TokenIdentifier><Name>file:flush</Name><Type>func</Type><APILanguage>cpp</APILanguage></TokenIdentifier><Path>www.lua.org/manual/5.1/manual.html</Path>
<Anchor>//apple_ref/func/file%3Aflush</Anchor></Token>
<Token><TokenIdentifier><Name>lua_getlocal</Name><Type>func</Type><APILanguage>cpp</APILanguage></TokenIdentifier><Path>www.lua.org/manual/5.1/manual.html</Path>
<Anchor>//apple_ref/func/lua%5Fgetlocal</Anchor></Token>
<Token><TokenIdentifier><Name>lua_sethook</Name><Type>func</Type><APILanguage>cpp</APILanguage></TokenIdentifier><Path>www.lua.org/manual/5.1/manual.html</Path>
<Anchor>//apple_ref/func/lua%5Fsethook</Anchor></Token>
<Token><TokenIdentifier><Name>luaL_checkstack</Name><Type>func</Type><APILanguage>cpp</APILanguage></TokenIdentifier><Path>www.lua.org/manual/5.1/manual.html</Path>
<Anchor>//apple_ref/func/luaL%5Fcheckstack</Anchor></Token>
<Token><TokenIdentifier><Name>lua_Number</Name><Type>func</Type><APILanguage>cpp</APILanguage></TokenIdentifier><Path>www.lua.org/manual/5.1/manual.html</Path>
<Anchor>//apple_ref/func/lua%5FNumber</Anchor></Token>
<Token><TokenIdentifier><Name>luaL_pushresult</Name><Type>func</Type><APILanguage>cpp</APILanguage></TokenIdentifier><Path>www.lua.org/manual/5.1/manual.html</Path>
<Anchor>//apple_ref/func/luaL%5Fpushresult</Anchor></Token>
<Token><TokenIdentifier><Name>math.log</Name><Type>func</Type><APILanguage>cpp</APILanguage></TokenIdentifier><Path>www.lua.org/manual/5.1/manual.html</Path>
<Anchor>//apple_ref/func/math%2Elog</Anchor></Token>
<Token><TokenIdentifier><Name>io.tmpfile</Name><Type>func</Type><APILanguage>cpp</APILanguage></TokenIdentifier><Path>www.lua.org/manual/5.1/manual.html</Path>
<Anchor>//apple_ref/func/io%2Etmpfile</Anchor></Token>
<Token><TokenIdentifier><Name>math.sin</Name><Type>func</Type><APILanguage>cpp</APILanguage></TokenIdentifier><Path>www.lua.org/manual/5.1/manual.html</Path>
<Anchor>//apple_ref/func/math%2Esin</Anchor></Token>
<Token><TokenIdentifier><Name>LUA_MULTRET</Name><Type>func</Type><APILanguage>cpp</APILanguage></TokenIdentifier><Path>www.lua.org/manual/5.1/manual.html</Path>
<Anchor>//apple_ref/func/LUA%5FMULTRET</Anchor></Token>
<Token><TokenIdentifier><Name>lua_typename</Name><Type>func</Type><APILanguage>cpp</APILanguage></TokenIdentifier><Path>www.lua.org/manual/5.1/manual.html</Path>
<Anchor>//apple_ref/func/lua%5Ftypename</Anchor></Token>
<Token><TokenIdentifier><Name>lua_cpcall</Name><Type>func</Type><APILanguage>cpp</APILanguage></TokenIdentifier><Path>www.lua.org/manual/5.1/manual.html</Path>
<Anchor>//apple_ref/func/lua%5Fcpcall</Anchor></Token>
<Token><TokenIdentifier><Name>os.tmpname</Name><Type>func</Type><APILanguage>cpp</APILanguage></TokenIdentifier><Path>www.lua.org/manual/5.1/manual.html</Path>
<Anchor>//apple_ref/func/os%2Etmpname</Anchor></Token>
<Token><TokenIdentifier><Name>math.randomseed</Name><Type>func</Type><APILanguage>cpp</APILanguage></TokenIdentifier><Path>www.lua.org/manual/5.1/manual.html</Path>
<Anchor>//apple_ref/func/math%2Erandomseed</Anchor></Token>
<Token><TokenIdentifier><Name>LUA_NOREF</Name><Type>func</Type><APILanguage>cpp</APILanguage></TokenIdentifier><Path>www.lua.org/manual/5.1/manual.html</Path>
<Anchor>//apple_ref/func/LUA%5FNOREF</Anchor></Token>
<Token><TokenIdentifier><Name>lua_gettop</Name><Type>func</Type><APILanguage>cpp</APILanguage></TokenIdentifier><Path>www.lua.org/manual/5.1/manual.html</Path>
<Anchor>//apple_ref/func/lua%5Fgettop</Anchor></Token>
<Token><TokenIdentifier><Name>error</Name><Type>func</Type><APILanguage>cpp</APILanguage></TokenIdentifier><Path>www.lua.org/manual/5.1/manual.html</Path>
<Anchor>//apple_ref/func/error</Anchor></Token>
<Token><TokenIdentifier><Name>luaL_dofile</Name><Type>func</Type><APILanguage>cpp</APILanguage></TokenIdentifier><Path>www.lua.org/manual/5.1/manual.html</Path>
<Anchor>//apple_ref/func/luaL%5Fdofile</Anchor></Token>
<Token><TokenIdentifier><Name>os.getenv</Name><Type>func</Type><APILanguage>cpp</APILanguage></TokenIdentifier><Path>www.lua.org/manual/5.1/manual.html</Path>
<Anchor>//apple_ref/func/os%2Egetenv</Anchor></Token>
<Token><TokenIdentifier><Name>table.insert</Name><Type>func</Type><APILanguage>cpp</APILanguage></TokenIdentifier><Path>www.lua.org/manual/5.1/manual.html</Path>
<Anchor>//apple_ref/func/table%2Einsert</Anchor></Token>
<Token><TokenIdentifier><Name>lua_getglobal</Name><Type>func</Type><APILanguage>cpp</APILanguage></TokenIdentifier><Path>www.lua.org/manual/5.1/manual.html</Path>
<Anchor>//apple_ref/func/lua%5Fgetglobal</Anchor></Token>
<Token><TokenIdentifier><Name>lua_pushthread</Name><Type>func</Type><APILanguage>cpp</APILanguage></TokenIdentifier><Path>www.lua.org/manual/5.1/manual.html</Path>
<Anchor>//apple_ref/func/lua%5Fpushthread</Anchor></Token>
<Token><TokenIdentifier><Name>_G</Name><Type>func</Type><APILanguage>cpp</APILanguage></TokenIdentifier><Path>www.lua.org/manual/5.1/manual.html</Path>
<Anchor>//apple_ref/func/%5FG</Anchor></Token>
<Token><TokenIdentifier><Name>lua_Integer</Name><Type>func</Type><APILanguage>cpp</APILanguage></TokenIdentifier><Path>www.lua.org/manual/5.1/manual.html</Path>
<Anchor>//apple_ref/func/lua%5FInteger</Anchor></Token>
<Token><TokenIdentifier><Name>math.pi</Name><Type>func</Type><APILanguage>cpp</APILanguage></TokenIdentifier><Path>www.lua.org/manual/5.1/manual.html</Path>
<Anchor>//apple_ref/func/math%2Epi</Anchor></Token>
<Token><TokenIdentifier><Name>luaL_gsub</Name><Type>func</Type><APILanguage>cpp</APILanguage></TokenIdentifier><Path>www.lua.org/manual/5.1/manual.html</Path>
<Anchor>//apple_ref/func/luaL%5Fgsub</Anchor></Token>
<Token><TokenIdentifier><Name>debug.getfenv</Name><Type>func</Type><APILanguage>cpp</APILanguage></TokenIdentifier><Path>www.lua.org/manual/5.1/manual.html</Path>
<Anchor>//apple_ref/func/debug%2Egetfenv</Anchor></Token>
<Token><TokenIdentifier><Name>file:setvbuf</Name><Type>func</Type><APILanguage>cpp</APILanguage></TokenIdentifier><Path>www.lua.org/manual/5.1/manual.html</Path>
<Anchor>//apple_ref/func/file%3Asetvbuf</Anchor></Token>
<Token><TokenIdentifier><Name>lua_setfenv</Name><Type>func</Type><APILanguage>cpp</APILanguage></TokenIdentifier><Path>www.lua.org/manual/5.1/manual.html</Path>
<Anchor>//apple_ref/func/lua%5Fsetfenv</Anchor></Token>
<Token><TokenIdentifier><Name>lua_topointer</Name><Type>func</Type><APILanguage>cpp</APILanguage></TokenIdentifier><Path>www.lua.org/manual/5.1/manual.html</Path>
<Anchor>//apple_ref/func/lua%5Ftopointer</Anchor></Token>
<Token><TokenIdentifier><Name>luaL_addstring</Name><Type>func</Type><APILanguage>cpp</APILanguage></TokenIdentifier><Path>www.lua.org/manual/5.1/manual.html</Path>
<Anchor>//apple_ref/func/luaL%5Faddstring</Anchor></Token>
<Token><TokenIdentifier><Name>lua_isuserdata</Name><Type>func</Type><APILanguage>cpp</APILanguage></TokenIdentifier><Path>www.lua.org/manual/5.1/manual.html</Path>
<Anchor>//apple_ref/func/lua%5Fisuserdata</Anchor></Token>
<Token><TokenIdentifier><Name>math.exp</Name><Type>func</Type><APILanguage>cpp</APILanguage></TokenIdentifier><Path>www.lua.org/manual/5.1/manual.html</Path>
<Anchor>//apple_ref/func/math%2Eexp</Anchor></Token>
<Token><TokenIdentifier><Name>lua_rawget</Name><Type>func</Type><APILanguage>cpp</APILanguage></TokenIdentifier><Path>www.lua.org/manual/5.1/manual.html</Path>
<Anchor>//apple_ref/func/lua%5Frawget</Anchor></Token>
<Token><TokenIdentifier><Name>string.gmatch</Name><Type>func</Type><APILanguage>cpp</APILanguage></TokenIdentifier><Path>www.lua.org/manual/5.1/manual.html</Path>
<Anchor>//apple_ref/func/string%2Egmatch</Anchor></Token>
<Token><TokenIdentifier><Name>luaL_getmetatable</Name><Type>func</Type><APILanguage>cpp</APILanguage></TokenIdentifier><Path>www.lua.org/manual/5.1/manual.html</Path>
<Anchor>//apple_ref/func/luaL%5Fgetmetatable</Anchor></Token>
<Token><TokenIdentifier><Name>load</Name><Type>func</Type><APILanguage>cpp</APILanguage></TokenIdentifier><Path>www.lua.org/manual/5.1/manual.html</Path>
<Anchor>//apple_ref/func/load</Anchor></Token>
<Token><TokenIdentifier><Name>string.char</Name><Type>func</Type><APILanguage>cpp</APILanguage></TokenIdentifier><Path>www.lua.org/manual/5.1/manual.html</Path>
<Anchor>//apple_ref/func/string%2Echar</Anchor></Token>
<Token><TokenIdentifier><Name>luaL_typerror</Name><Type>func</Type><APILanguage>cpp</APILanguage></TokenIdentifier><Path>www.lua.org/manual/5.1/manual.html</Path>
<Anchor>//apple_ref/func/luaL%5Ftyperror</Anchor></Token>
<Token><TokenIdentifier><Name>lua_concat</Name><Type>func</Type><APILanguage>cpp</APILanguage></TokenIdentifier><Path>www.lua.org/manual/5.1/manual.html</Path>
<Anchor>//apple_ref/func/lua%5Fconcat</Anchor></Token>
<Token><TokenIdentifier><Name>lua_settable</Name><Type>func</Type><APILanguage>cpp</APILanguage></TokenIdentifier><Path>www.lua.org/manual/5.1/manual.html</Path>
<Anchor>//apple_ref/func/lua%5Fsettable</Anchor></Token>
<Token><TokenIdentifier><Name>math.ldexp</Name><Type>func</Type><APILanguage>cpp</APILanguage></TokenIdentifier><Path>www.lua.org/manual/5.1/manual.html</Path>
<Anchor>//apple_ref/func/math%2Eldexp</Anchor></Token>
<Token><TokenIdentifier><Name>LUA_GLOBALSINDEX</Name><Type>func</Type><APILanguage>cpp</APILanguage></TokenIdentifier><Path>www.lua.org/manual/5.1/manual.html</Path>
<Anchor>//apple_ref/func/LUA%5FGLOBALSINDEX</Anchor></Token>
<Token><TokenIdentifier><Name>debug.getmetatable</Name><Type>func</Type><APILanguage>cpp</APILanguage></TokenIdentifier><Path>www.lua.org/manual/5.1/manual.html</Path>
<Anchor>//apple_ref/func/debug%2Egetmetatable</Anchor></Token>
<Token><TokenIdentifier><Name>lua_iscfunction</Name><Type>func</Type><APILanguage>cpp</APILanguage></TokenIdentifier><Path>www.lua.org/manual/5.1/manual.html</Path>
<Anchor>//apple_ref/func/lua%5Fiscfunction</Anchor></Token>
<Token><TokenIdentifier><Name>lua_gc</Name><Type>func</Type><APILanguage>cpp</APILanguage></TokenIdentifier><Path>www.lua.org/manual/5.1/manual.html</Path>
<Anchor>//apple_ref/func/lua%5Fgc</Anchor></Token>
<Token><TokenIdentifier><Name>io.close</Name><Type>func</Type><APILanguage>cpp</APILanguage></TokenIdentifier><Path>www.lua.org/manual/5.1/manual.html</Path>
<Anchor>//apple_ref/func/io%2Eclose</Anchor></Token>
<Token><TokenIdentifier><Name>luaL_buffinit</Name><Type>func</Type><APILanguage>cpp</APILanguage></TokenIdentifier><Path>www.lua.org/manual/5.1/manual.html</Path>
<Anchor>//apple_ref/func/luaL%5Fbuffinit</Anchor></Token>
<Token><TokenIdentifier><Name>coroutine.create</Name><Type>func</Type><APILanguage>cpp</APILanguage></TokenIdentifier><Path>www.lua.org/manual/5.1/manual.html</Path>
<Anchor>//apple_ref/func/coroutine%2Ecreate</Anchor></Token>
<Token><TokenIdentifier><Name>debug.sethook</Name><Type>func</Type><APILanguage>cpp</APILanguage></TokenIdentifier><Path>www.lua.org/manual/5.1/manual.html</Path>
<Anchor>//apple_ref/func/debug%2Esethook</Anchor></Token>
<Token><TokenIdentifier><Name>package.loaders</Name><Type>func</Type><APILanguage>cpp</APILanguage></TokenIdentifier><Path>www.lua.org/manual/5.1/manual.html</Path>
<Anchor>//apple_ref/func/package%2Eloaders</Anchor></Token>
<Token><TokenIdentifier><Name>io.output</Name><Type>func</Type><APILanguage>cpp</APILanguage></TokenIdentifier><Path>www.lua.org/manual/5.1/manual.html</Path>
<Anchor>//apple_ref/func/io%2Eoutput</Anchor></Token>
<Token><TokenIdentifier><Name>string.byte</Name><Type>func</Type><APILanguage>cpp</APILanguage></TokenIdentifier><Path>www.lua.org/manual/5.1/manual.html</Path>
<Anchor>//apple_ref/func/string%2Ebyte</Anchor></Token>
<Token><TokenIdentifier><Name>luaL_checkinteger</Name><Type>func</Type><APILanguage>cpp</APILanguage></TokenIdentifier><Path>www.lua.org/manual/5.1/manual.html</Path>
<Anchor>//apple_ref/func/luaL%5Fcheckinteger</Anchor></Token>
<Token><TokenIdentifier><Name>unpack</Name><Type>func</Type><APILanguage>cpp</APILanguage></TokenIdentifier><Path>www.lua.org/manual/5.1/manual.html</Path>
<Anchor>//apple_ref/func/unpack</Anchor></Token>
<Token><TokenIdentifier><Name>debug.traceback</Name><Type>func</Type><APILanguage>cpp</APILanguage></TokenIdentifier><Path>www.lua.org/manual/5.1/manual.html</Path>
<Anchor>//apple_ref/func/debug%2Etraceback</Anchor></Token>
</Tokens>